hotel_name,hotel_id,n_reviews
Padma Resort Legian,307610,4065
Nusa Dua Beach Hotel & Spa,302385,3726
Melia Bali Indonesia,302653,3476
INTERCONTINENTAL Bali Resort,299128,2990
Pullman Bali Legian Nirwana,1391615,2918
Conrad Bali,320013,2874
Hard Rock Hotel Bali,302343,2864
AYANA Resort and Spa,302249,2712
Club Med Bali,669122,2710
"The Laguna, a Luxury Collection Resort & Spa",301787,2466
W Retreat & Spa Bali - Seminyak,1456498,2444
Novotel Bali Benoa,299568,2440
Grand Hyatt Bali,307570,2432
Ayodya Resort Bali,303033,2259
Novotel Bali Nusa Dua Hotel & Residences,649857,2229
Grand Mirage Resort,308406,2125
The Royal Beach Seminyak Bali - MGallery Collection,534638,2096
Sofitel Bali Nusa Dua Beach Resort,5039960,2077
Prama Sanur Beach Bali,545823,1953
Bali Mandira Beach Resort & Spa,1095744,1846
Mercure Resort Sanur,1486466,1790
Puri Santrian,307577,1753
The ONE Legian,2082181,1637
Legian Beach Hotel,307581,1618
All Seasons Legian Bali,578319,1590
Discovery Kartika Plaza Hotel,307616,1518
Maya Ubud Resort & Spa,307574,1512
Bali Dynasty Resort,307575,1507
The Samaya Bali Seminyak,603376,1476
Grand Aston Bali Beach Resort,306838,1473
Febri's Hotel & Spa,588475,1430
The Westin Resort Nusa Dua,304528,1426
Komaneka at Bisma,1168205,1425
Alila Ubud,301648,1424
Pan Pacific Nirwana Bali Resort,301923,1415
Komaneka at Tanggayuda,626311,1409
Amadea Resort & Villas,2169346,1404
Courtyard by Marriott Bali Nusa Dua,2038714,1373
Sol Beach House Benoa Bali by Melia Hotel International,302638,1342
The St. Regis Bali Resort,1146351,1337
Ramayana Resort & Spa,304646,1330
Grand Inna Kuta,308408,1319
Tegal Sari,550019,1317
The Oberoi Bali,302392,1300
The Breezes Bali Resort & Spa,614962,1294
The Seminyak Beach Resort & Spa,1772090,1291
"The Stones Hotel - Legian Bali, Autograph Collection",3528272,1269
The Haven Bali,1450614,1257
Bali Garden Beach Resort,1197452,1236
Rama Beach Resort and Villas,320028,1202
Four Seasons Resort Bali at Jimbaran Bay,307571,1196
Holiday Inn Resort(R) Baruna Bali,1197076,1194
Hanging Gardens of Bali,583286,1188
The Legian Bali,301649,1176
Jayakarta Bali,309124,1176
Griya Santrian,325334,1172
Grand Nikko Bali,301929,1157
Alaya Resort Ubud,3580843,1136
Kuta Paradiso Hotel,308413,1124
Mercure Kuta Bali,299592,1118
Kuta Seaview Boutique Resort & Spa,1461739,1115
Mulia Resort,3633245,1113
Kupu Kupu Barong Villas and Tree Spa,309153,1106
Hotel Tjampuhan & Spa,309357,1084
Double-Six Luxury Hotel Seminyak,6556373,1071
Anantara Seminyak Bali Resort,758191,1057
"Uma by COMO, Ubud",506292,1025
The Samaya Bali Ubud,1810099,1013
Four Seasons Resort Bali at Sayan,301883,999
The Magani Hotel and Spa,3319080,994
The Royal Pita Maha,550908,990
Courtyard Bali Seminyak,6635852,982
The Villas Bali Hotel & Spa,309355,972
"The Chedi Club Tanah Gajah, Ubud, Bali  a GHM hotel",518441,934
Segara Village Hotel,658058,933
RIMBA Jimbaran Bali by AYANA,5039579,921
Sheraton Bali Kuta Resort,3435738,920
EDEN Hotel Kuta Bali - Managed by Tauzia,4107186,915
The Mansion Resort Hotel & Spa,500134,905
The Trans Resort Bali,7368654,898
Alila Manggis,301647,891
Ramada Bintang Bali Resort,307567,891
Komaneka at Monkey Forest,307569,890
Sanur Paradise Plaza Suites,501706,887
KajaNe Mua Private Villa & Mansion,567269,886
Grand Istana Rama Hotel Bali,545815,881
Radisson Bali Legian Camakila,1515579,880
Belmond Jimbaran Puri,301739,875
Bliss Surfer Hotel,2545307,871
Swiss-Belresort Watu Jimbar,5292367,870
The Kuta Beach Heritage Hotel Bali - Managed by Accor,3947950,867
Rama Candidasa Resort & Spa,545820,861
Pelangi Bali Hotel,312457,856
Primera Hotel Seminyak,2350844,849
Komaneka at Rasa Sayang,2314151,847
Wapa di Ume Resort and Spa,309331,821
Hotel Vila Lumbung,450866,812
Vasanti Seminyak Resort,3785224,810
Uma Sapna,590208,809
The Ubud Village Resort & Spa,610805,793
Puri Sunia Resort,2280611,790
Saren Indah Hotel,736575,780
"Banyan Tree Ungasan, Bali",887047,766
Ossotel,3746546,760
Junjungan Ubud Hotel and Spa,609896,753
FuramaXclusive Ocean Beach,1079093,743
Bali Niksoma Boutique Beach Resort,566653,738
U Paasha Seminyak,2534828,733
Viceroy Bali,603335,729
Sri Ratih Cottages,1163517,724
Aston Kuta Hotel & Residence,1532058,721
Mutiara Bali Boutique Resort & Villas,601734,719
Villa Seminyak Estate & Spa,648252,718
Alila Villas Uluwatu,1238730,714
The Mulia,3554169,714
Melasti Legian Beach Resort & Spa,1116226,714
Hotel Horison Seminyak,3567390,710
Legian Paradiso Hotel,504968,695
Patra Jasa Bali Resort & Villas,307566,685
Fairmont Sanur Beach Bali,3396712,683
HARRIS Resort Kuta Beach,597723,680
Centra Taum Seminyak Bali,2515034,677
Villa Semana,1015926,673
"White Rose Kuta Resort, Villas & Spa",450871,671
Le Meridien Bali Jimbaran,3477476,669
Bali Tropic Resort and Spa,312451,668
Swiss-Belinn Legian,5287480,658
Wina Holiday Villa Hotel,450873,651
Harper Kuta,4587462,650
Furama Villas & Spa Ubud,662124,638
Keraton Jimbaran Beach Resort,308412,635
The Vira Bali Hotel,505558,629
The Damai,309351,625
Hotel Kumala Pantai,1379777,623
Ayung Resort Ubud,3675999,619
"Komune Resort, Keramas Beach Bali",3525079,619
Alam KulKul Boutique Resort,308723,614
Radisson Bali Tanjung Benoa,307562,609
BEST WESTERN Kuta Beach,2334970,608
Bali Rani Hotel,309109,605
The Akmani Legian,3136074,604
Grandmas Seminyak Hotel,2479267,602
Karma Kandara,1147233,597
Risata Bali Resort & Spa,308415,595
"Tune Hotel - Double Six, Legian",1546444,595
The Lovina,3441854,581
Kuta Lagoon Resort & Pool Villa,614746,578
The Oasis Lagoon Sanur,2218715,571
Sanur Paradise Plaza Hotel,306831,566
Taman Sari Bali Resort & Spa,1498492,565
Hotel Tugu Bali,304280,561
Sudamala Suites & Villas,2490996,561
Ananta Legian Hotel,2411013,561
Grand Balisani Suites,450831,554
Ize Seminyak,3617224,553
Harris Hotel Seminyak,6603127,552
Kuta Central Park Hotel,2135927,552
Pita Maha Resort and Spa,302985,550
Amarterra Villas Bali Nusa Dua - MGallery Collection,3515952,548
Sense Hotel Seminyak,2554706,547
Champlung Sari Hotel,530151,542
The Ulin Villas & Spa,618797,540
The Bale,325383,540
Adi Assri Beach Resort & Spa Pemuteran,1101456,540
Mercure Bali Legian,7159969,537
The Kayana Bali,814073,535
Alila Villas Soori,1605219,531
Alam Shanti,587052,529
Adhi Jaya Hotel,588440,522
Fontana Hotel Bali,3405826,521
Hotel Santika Premiere Beach Resort Bali,308407,521
The Kunja Villas & Spa,627082,519
Inna Grand Bali Beach Hotel,306836,515
Ramada Encore Bali Seminyak,7244303,514
The Menjangan,1372807,511
Puri Saron Seminyak,1459353,505
Kamandalu Ubud,307583,504
Warwick Ibah Luxury Villas & Spa,301951,501
Pertiwi Resort & Spa,479525,499
Satriya Cottages,634101,497
The Kayon Resort,7022088,496
Semara Resort & Spa Seminyak,2066666,493
Kayumanis Nusa Dua Private Villa & Spa,572368,491
The Amala,1546096,489
La Villa Mathis,614389,489
Kayumanis Ubud Private Villa & Spa,500126,487
TS Suites Leisure Seminyak Bali,5992124,486
HARRIS Hotel Tuban,1023886,485
Ibis Styles Bali Kuta Circle,3543041,485
Kuta Puri Bungalows,629607,480
Anantara Uluwatu Bali Resort,2151983,477
Alam Jiwa,488088,475
Blue Karma Hotel,2298018,474
Candi Beach Resort & Spa,307576,472
Dewi Sri Hotel,588465,470
Puri Raja,1197843,469
Asana Agung Putra Bali,6507066,468
Green Garden Hotel,308783,467
Nandini Jungle Resort & Spa Ubud,603743,464
Sun Island Hotel Kuta,2283141,462
L Hotel Seminyak,3202781,461
Puri Bagus Candidasa,309677,461
Kenanga Boutique Hotel,3156092,460
"Matahari Tulamben Resort, Dive & SPA",1050153,459
favehotel Umalas,2182433,459
Hotel Terrace At Kuta,5542199,456
Atanaya Hotel,3535072,454
Le Jardin Villas,817602,454
Bulgari Resort Bali,601550,453
Swasti Eco Cottages,1595751,453
Ubud Bungalow,1180322,452
Mercure Bali Nusa Dua,3485198,451
Nefatari Exclusive Villas,617595,449
Ida Hotel,629605,438
BEST WESTERN Kuta Villa,3252642,436
Sankara Resort,5279694,435
Mara River Safari Lodge,1023252,435
Batu Karang Lembongan Resort & Day Spa,657670,434
Bambu Indah,1028670,434
BEST WESTERN Resort Kuta,1656827,434
Peppers Seminyak,673618,432
Zen Resort Bali,1082544,431
Rambutan Boutique Hotel,309340,430
Villa Coco,631859,429
The Club Villas,1081966,429
Spa Village Resort Tembok Bali,672606,429
"Desa Seni, A Village Resort",677173,429
Jamahal Private Resort & SPA,609918,425
The Purist Villas and Spa,1492794,422
Baleka Resort Hotel & Spa,613426,422
"The Ritz-Carlton, Bali",6820858,421
HARRIS Hotel & Residences Riverview Kuta,1444432,420
Club Bali Mirage,307563,420
Bebek Tepi Sawah Villas & Spa,624043,419
Matahari Beach Resort & Spa,304278,419
Peneeda View Beach Hotel,1464184,417
Rama Garden Hotel Bali,312459,416
Grand Barong Resort,584355,412
Kayumanis Jimbaran Private Estate & Spa,651426,411
Champlung Mas Hotel,673608,410
Bounty Hotel,308771,408
The Dipan Resort Petitenget,2663787,404
Bloo Lagoon Village,1389152,404
Kuta Beach Club Hotel,307582,403
POP! Hotel Kuta Beach,3378026,399
The Kana Kuta,5598347,397
Gending Kedis Villas & Spa Estate,1008418,395
Dusun Villas Bali,607687,393
Villa Kubu,629965,391
Puri Wirata Dive Resort and Spa Amed,1156884,390
Taksu Sanur Hotel,4762309,389
Tamukami Hotel,309347,389
The Oasis Kuta,584502,387
Balisani Padma,535671,387
Puri Bagus Lovina,307557,386
The Lokha Legian,597726,384
Bintang Kuta Hotel,3675836,382
Tandjung Sari,309350,381
Kokonut Suites,1204264,379
eqUILIBRIA SEMINYAK,8610086,376
Grand Mega Resort & Spa Bali,3179531,376
Blue Moon Villas,317482,371
Citadines Kuta Beach Bali,6960687,370
The Bene Hotel,4839159,369
Baliku Dive Resort,1154332,368
Aston Tuban Inn Bali,605545,366
Swastika Bungalows,609387,366
Kuta Station Hotel,1908897,362
Samabe Bali Suites & Villas,3973293,361
Maca Villas & Spa,2276325,361
Ellie's,587612,359
Hotel La Taverna,557517,358
Kupu Kupu Jimbaran & Bamboo Spa by L'Occitane,2091252,357
Ananda Cottages,308742,357
Bali Spirit Hotel and Spa,308405,357
The Royal Eighteen Resort and Spa,2549283,356
Kind Villa Bintang Resort & Spa,629711,355
Alam Indah,674334,355
Bisma Eight,7376123,352
Besakih Beach Hotel,539552,352
"La Joya, Villa & Bungalows",620516,351
Villa Sarna Ubud,1210878,350
Amori Villas,1482678,349
Natura Resort and Spa,596461,349
Indiana Kenanga Villas,1554885,348
Pondok Ayu,783737,348
Sri Phala Resort & Villa,582157,348
Ibis Styles Bali Benoa,2625517,347
Bakung Sari Resort and Spa,1153745,347
The Payogan Villa Resort & Spa,530530,346
Bali Agung Village,653390,345
Amankila,307592,342
Santi Mandala,597761,342
Cendana Resort and Spa,555420,341
Bali Ginger Suites,2457036,340
Amertha Bali Villas,670999,339
Grand Ixora Kuta Resort,2437405,339
Liberty Dive Resort,1788685,336
Swiss-Belhotel Segara Resort & Spa,2278210,336
Swiss-Belhotel Rainforest,3747958,335
Parigata Resort & Spa,307573,335
Suly Resort and Spa,651144,335
Abi Bali Resort & Villa,1736733,333
Loft Legian Hotel,3947935,333
The Jimbaran View,4273338,332
Puri Wulandari Boutique Resort,302982,328
Grand Whiz Hotel Nusa Dua,4874699,325
"The Sun Hotel & Spa, Legian",6418511,325
Quest Hotel Kuta,2562865,325
J Boutique Hotel,648130,322
"The Royal Santrian, Luxury Beach Villas",1581596,321
Mercure Bali Harvestland Kuta,2208078,318
Masa Inn,1163949,318
Home@36,2244582,318
Karma Jimbaran,575949,317
Hotel Neo Kuta Jelantik,3640823,317
Sun Island Villas & Spa,662122,315
Bali Island Villas & Spa,674180,315
Ari Putri Hotel,629603,313
PING Hotel Seminyak Bali,3683062,312
Kejora Suites,5511134,311
Park Regis Kuta Bali,4567339,310
Villa Awang Awang,1567942,309
Dekuta Hotel,1631064,308
BALQUISSE Heritage Hotel,309375,306
COMO Shambhala Estate,595594,305
Biyukukung Suites and Spa,304649,305
"Mantra Sakala Resort & Beach Club, Bali",5315958,304
The Lokha Ubud,5790523,303
Sun Island Hotel Legian,5962607,302
Mulia Villas,3633238,301
Chapung SeBali Resort and Spa,1750022,301
Bumi Ayu Bungalows,450825,301
Hotel NEO + Kuta Legian,7339768,296
Ketut's Place,639773,293
Ibis Bali Kuta,2667502,293
Puri Mesari Hotel & Suites,589815,292
Tanah Merah Art Resort,676948,292
Bay Shore Huts,2656761,289
Maharani Beach Hotel,1154365,288
Puri Gangga Resort,4991645,287
Inna Sindhu Beach,308411,286
Park Hotel Nusa Dua,631972,286
Villa Puri Ayu,596364,285
Lembongan Beach Club and Resort,4860325,279
Arma Museum & Resort,593899,278
Villa Kayu Raja,2278721,278
Ibis Styles Bali Denpasar,2208088,277
Disini Luxury Spa Villas,667612,276
The Oasis Beach,609384,274
Life in Amed Boutique Hotel,633306,273
100 Sunset Boutique Hotel,1486038,273
Padang Bai Beach Resort,1221282,272
Agung Raka Resort & Villas,483916,270
Okawati Hotel,309206,268
Three Brothers Bungalows,813933,267
Prima Cottage,624203,267
SenS Hotel & Spa + Conference Ubud Town Centre,7323345,262
Matahari Bungalow Bar & Restaurant,619252,260
Villa Kresna Boutique Villas,533923,258
Aria Villas Ubud,5962556,255
Yulia Beach Inn,556829,255
Cili Emas Oceanside Resort,1804914,254
Puri Garden Hotel & Restaurant,1070523,254
Tulamben Wreck Divers Resort,953612,253
The Sanyas Suite Seminyak,665896,253
Puri Dajuma Cottages,584503,252
Amaris Hotel Legian - Bali,2044816,252
Plataran Ubud Hotel & Spa,5544684,251
Casa Padma Hotel & Suites,557510,251
Artini 2 Cottages,308745,250
VOUK Hotel & Suites,3911989,249
HARRIS Hotel & Residences Sunset Road,2319260,249
Ivory Resort Seminyak,1996087,248
Sense Sunset Seminyak,4107310,248
Solaris Hotel Kuta,3722188,247
Pradha Villas,662121,246
Flower Bud Bungalows Balangan,1511923,245
Mimpi Resort Menjangan,584504,244
Puri Sading Hotel,649098,244
Aneka Lovina Beach Hotel,450821,243
Gajah Biru Bungalows,1136203,242
Hotel Santika Siligita Nusa Dua,3380866,241
The Open House,6476817,239
Naya Gawana Resort & Spa,578938,239
The Gangsa Private Villa by Kayumanis,640038,237
Sayang Maha Mertha,673165,237
Tanadewa Luxury Villas & Spa,3752956,236
favehotel Kuta Square,3249663,236
Respati Beach Hotel - Sanur,648356,236
The Radiant Hotel and Spa,1819867,235
Green Garden,324015,233
Bhanuswari Resort & Spa,614385,232
Adirama Beach Hotel,638931,231
Lilin Lovina Beach Hotel,2372350,230
Grandmas Legian Hotel,3389491,229
INAYA Putri Bali Resort,308410,229
Legian Village Hotel,588410,228
Amandari,307591,227
The Seminyak Suite Private Villa,648253,227
Hotel Puri Cendana,583636,227
Maison at C Seminyak,6938618,227
De Munut Balinese Resort,309164,226
Ubud Wana Resort,7391932,226
Bali Ayu Hotel,594289,225
Tauch Terminal Resort Tulamben & Spa,595703,224
100 Sunset 2 Hotel,2554802,223
Puri Kelapa Garden Cottages,557520,223
Dash Hotel Seminyak Bali,7808049,223
The Elysian,594928,222
Taman Harum Cottages,308416,222
The Grand Sunti,1869856,221
Villa Air Bali Boutique Resort & Spa,630090,221
Putu Bali Villa and Spa,585124,221
Puri Sebali Resort,6938623,220
Lakeview Ecolodge,309158,220
Aditya Beach Resort,308719,218
The Kirana Hotel Resto and Spa,5888200,217
Samanvaya,3158379,216
Sing Ken Ken Lifestyle Boutique Hotel,677515,216
Bakungs Beach Hotel,588404,216
Anumana Ubud Hotel,8028364,215
Royal Candidasa: Royal Bali Beach Club,1182796,215
Bali Shangrila Beach Club,616901,214
Artemis Villa and Hotel,1727901,213
The Taman Ayu,628633,213
Villa Diana Bali,653658,212
Holiday Inn Resort Bali Benoa,7185368,211
Surya Shanti Villa,1834969,210
Pondok Sari Beach Bungalow Resort & Spa,677025,210
Seminyak Icon,3323867,208
Tarci Bungalow,2183195,207
Brown Feather Hotel,3731927,207
Alila Seminyak,7949561,207
Kuta Angel Hotel,3869724,206
The Sungu Resort & Spa,1158772,205
Yulia Village Inn,648909,205
Legong Keraton Beach Hotel,636133,204
Sari Segara Resort Villas & Spa,450858,203
Ibis Styles Bali Kuta Legian,4751961,201
Vilarisi Hotel,530672,201
Bhuwana Ubud Hotel,3377999,199
The Kuta Playa Hotel and Villas,1934805,199
Melasti Kuta Bungalows and Spa,579807,199
Villa Agung Beach Inn,573451,198
Kori Ubud Resort,629712,198
Sativa Sanur Cottages,450859,198
Puri Dewa Bharata Hotel & Villas,614232,198
Alindra Villa,4885951,197
La Walon Bungalows,309154,197
Bumas Hotel,563643,197
Astagina Resort Villa and Spa Bali,7052800,196
Anantara Vacation Club Bali Seminyak,1148134,196
Amaroossa Suite Bali,3731871,195
Swiss-Belhotel Tuban,7376517,194
Bonsai Villas,1552073,193
Jocs Boutique Hotel & Spa,2510587,193
ANANDA RESORT,758193,192
Puri Maharani Boutique Hotel & Spa,1845415,191
Anini Raka Resort & Spa,659327,191
Sunset Hill,2648944,190
The Griya Villas and Spa,3675831,190
Siesta Legian Hotel,4839221,189
Fat Yogi Cottages,308782,188
Holiday Inn Express Bali Kuta Square,5427067,187
Love F Hotel by fashiontv,7146429,187
Hotel Pertiwi Bisma 1,3929768,187
New Arena Hotel,653769,187
Puri Sebatu Resort,3492501,186
Golden Tulip Devins Hotel Seminyak,6588318,185
The Sunset Bali Hotel,2283526,185
Losari Hotel & Villas,626892,185
Bagus Jati Health & Wellbeing Retreat,307182,184
The Niche Bali,624573,184
Cinta Inn,1885485,184
POP! Hotel Teuku Umar Denpasar,1888682,184
Bali Kuta Resort & Convention Center,1566260,184
Palm Garden Amed Beach & Spa Resort Bali,2040776,183
Sania's House Bungalows,1092688,183
Gazebo Beach Hotel,479529,183
Destiny Boutique Hotel,7217649,182
MaxOneHotels at Bukit Jimbaran,3733692,181
B Hotel Bali,4062337,180
Maya Loka Villas,858505,179
Bhavana Private Villas,635080,179
KajaNe Yangloni Private Boutique Health & Leisure Centre,1991529,178
Villa Karisa,632513,177
Balibaliku Beach Front Luxury Private Pool Villa,754684,176
Luna2 Studiotel,4549522,175
Puri Saraswati Bungalows,610450,174
Four Points by Sheraton Bali,7931034,174
Nirwana Resort and Spa,1215850,173
Le Grande Bali,1379463,173
Rivavi Fashion Hotel,2441523,173
"FRii Bali Echo Beach, Hotel",6579132,172
Sunari Beach Resort,582188,172
Garden View Resort,754624,172
The Jineng Villas,2160996,171
Kebun Indah,1053060,171
Mahogany Hotel,7368744,170
Segara Agung Hotel,1205684,170
Ion Bali Benoa Hotel,5848756,170
Kusnadi Hotel,799529,169
The Temple Lodge,1122064,167
Hotel Santika Kuta Bali,1963611,167
Aston Denpasar Hotel and Convention Center,1538803,167
Bali Paradise Hotel Boutique Resort,1016710,165
Amanusa,307587,164
Arama Riverside Villas,2628605,164
Puri Mangga Sea View Resort & Spa,1024238,163
The Ahimsa,556737,163
"Le 48, Zen & Happy Rezort",1465169,163
The Segara Suites,1632734,160
Alaya Resort Kuta,7856221,160
Bali Court Hotel and Apartments,584554,160
J4 Hotels Legian,5596284,160
NusaBay Lembongan By WHM,498942,159
Diwangkara Beach Hotel & Resort,564815,159
Floating Leaf Eco-Luxury Retreat,6478989,158
Maya Sanur Resort & Spa,7248999,158
Fivelements Bali Retreat,1953197,156
Royal Jimbaran: Royal Bali Beach Club,673616,156
Ramada Bali Sunset Road Kuta,5029656,155
Barong Resort and Spa,629636,154
The One Villa,2427157,154
Hotel The Flora Kuta Bali,648137,154
Sun Boutique Hotel Managed by BENCOOLEN,2520776,154
Uppala Villa Seminyak,3167682,153
Royal Sanur: Royal Bali Beach Club,2157550,153
Nesa Sanur,7353471,151
Inata Bisma Resort & Spa Ubud,3522011,150
Semara Luxury Villa Resort,2288557,149
Ubud Terrace Bungalows,650820,147
Heliconia Villas,633716,147
Gajah Mina Beach Resort,602865,146
Bali Summer Hotel,308757,146
The Sandi Phala,556743,144
The Layar - Designer Villas and Spa,3853500,144
The Alea Hotel Seminyak,6973897,144
Puri Dalem Hotel,566465,143
AQ-VA Hotel & Villas,4877456,143
Ozz Hotel Kuta,3912004,143
The Grand Bali Nusa Dua,306731,141
Rouge Villas & Spa,3806343,141
Jesen's Inn II,1220427,141
H Sovereign Bali,7147798,140
HARRIS Hotel Raya Kuta Bali,5777203,140
Ubud Inn,678397,140
New Kuta Hotel,1490706,139
Parigata Villas Resort,588409,139
Hotel Puri Rai,1379826,139
Y Resort Ubud,2269728,137
D'Bulakan Boutique Resort Ubud,6848768,136
The Hamsa Resort,2658736,136
Berry Hotel,2085922,135
Palloma Hotel Kuta,3767703,134
Hotel Palm Garden,1153442,131
Berry Biz Hotel,6702945,131
Hotel NEO Seminyak - Petitenget,7084244,130
Cleopatra Beach Bungalows,1509565,129
Ubud Village Hotel,552948,129
The Tusita Hotel,3222634,129
Taman Selini Beach Bungalows,631268,128
Anda Amed Resort,629104,128
Mimpi Resort Tulamben,309162,126
Laghawa Beach Inn,650341,126
Balisandy Resort,655424,126
Melka Excelsior Resort Hotel,668974,126
The Spot Legian,3168128,125
Kumala Hotel,623722,125
The Villas at AYANA Resort,7311692,124
"Mandapa, A Ritz-Carlton Reserve",8293999,124
Fourteen Roses Beach Hotel,1163210,124
Ubud Sari Health Resort,636089,123
Puri Taman Sari,1764391,121
kaMAYA Resort and Villas,309329,120
Alam Puri Art Museum & Resort,446879,120
Batu Belah,675736,120
Sahadewa Resort & Spa,584499,119
Lv8 Resort Hotel,3468404,119
Gustis Garden Bungalows,675604,119
Beach Melati Apartments,662882,118
Siddhartha Ocean Front Resort & Spa,1466090,118
Hu'u Villas Bali,5074244,117
Pondok Bambu,2054960,116
Kinaara Resort,7244252,115
Alam Anda Ocean Front Resort & Spa,776567,115
favehotel Sunset Seminyak,7037911,114
Villa Puri Royan,2109299,113
D'Tunjung Resort & Spa,1833097,112
Rijasa Agung - Bali Ubud Luxury Hotel Resort Villa,614387,111
Sukun Bali Cottages,659522,111
POP! Hotel Hardys Singaraja Square,7204359,111
Seaside Suites Bali,7289453,110
Sandat Glamping Tents,4840711,110
Hotel Amed Cafe,1014178,110
Swiss-Belhotel Petitenget,7353475,109
Grand Sinar Indah Hotel,614386,109
Lovina Beach Hotel,1552295,109
Poinciana Oceanside Resort & Retreat Centre,1154340,108
Mushroom Beach Bungalows,1123084,108
Poh Manis Lembongan,4876861,106
Suriwathi Beach Hotel,1373011,106
"Maxi Hotel, Restaurant & Spa",648926,106
Ubud Heaven Penestanan,4886679,105
Sadeg Lembongan,5061050,105
Pertiwi Bisma 2,4007201,105
Kiss Bali,1835831,105
HARRIS HOTEL Kuta Galleria,7149612,104
Puri Madawi,602869,102
18 Suite Villa Loft,4014390,102
Bali Lovina Beach Cottages,1153839,102
Sandat Hotel Legian,1461821,101
Svarga Loka Resort,6656612,99
Stana Puri Gopa Hotel,317486,99
Adhi Jaya Sunset Hotel,2549430,98
Seminyak Square Hotel,3973333,98
Pandawa All Suite Hotel,5892414,98
Hotel Sorga,1225120,97
Nusa Dua Retreat and Spa,1795297,96
Club Bali Suites,308054,96
Troppo Zone Puri Rama Resort,2009769,96
The Seminyak Village,2105948,96
Pande Permai Bungalows,609333,96
Amarta Beach Inn Bungalows,646195,95
Artini 3 Cottages,647119,95
WakaGangga,501705,94
Villa Markisa,1368360,93
Taman Bebek Resort & Spa,1199875,92
Hawaii Bali Hotel,3563860,92
Nugraha Lovina Bay Resort Hotel,610881,92
Samhita Garden,631955,92
Matahari Terbit Bali Deluxe Bungalows,676888,92
Mega Boutique Hotel,6922600,92
Kerti Beach Inn,1849640,92
MaxOneHotels @ Legian,6515988,91
Rini Hotel,309342,91
Vila Shanti Beach Hotel,1012556,91
Rosani Hotel,648432,90
Sanur Seaview Hotel,3186530,89
Bali Sorgawi Hotel,576982,89
Sari Sanur Resort,584920,89
Everyday Smart Hotel,2182985,89
The Harmony Legian,1544849,89
Rabasta Beach Resort Kuta,6635775,89
Scuba Seraya Resort,941643,88
Taman Rahasia Tropical Sanctuary & Spa,647532,88
Bali Bungalo,1058947,88
The Alit,1163535,88
Dhyana Pura Beach Resort,479531,86
Grand La Villais Hotel,7393609,85
Fourteen Roses Hotel,1154133,85
Royal Villa Jepun,1220880,84
POP! Hotel Nusa Dua,6847515,84
Mahagiri Panoramic Resort & Restaurant,1944623,84
Suka Beach Inn,1650975,84
Bakung Ubud Resort and Villa,8029710,83
Bali Nusa Dua Hotel,6640840,82
Kutabex Beach Front Hotel,7146434,82
Bali Segara Hotel,1163138,82
Life Style Express,1655845,82
Dampati Villas,1826678,81
Awarta Nusa Dua Luxury Villas & Spa,3812838,80
Grand Zuri Kuta Bali,6925763,80
Abangan Bungalow,678622,79
The Adma Umalas,6847513,79
Goodway Hotel & Resort,676894,79
Sal Secret Spot,8472205,78
Cozy Stay,3596074,78
Hotel Sinar Bali,643838,78
The Edge,1846942,77
favehotel Bypass Kuta,3440301,77
Aneka Beach Hotel,308744,77
Rhadana Hotel,3314222,76
Ungasan Hotel & Convention Center,6638513,75
Michi Retreat,1125669,75
NusaBay Menjangan by WHM,498929,75
Sari Beach Hotel,309344,75
Garden View Cottage,983886,74
Bali Sandy Cottages,1647873,74
Simpang Inn,676108,74
Bali Masari Villas & Spa,524403,73
COOEE Bali Reef Resort,588448,73
Natya Hotel Kuta,6200465,73
Bunga Permai Hotel,652884,72
OK Divers Resort & Spa,8070253,72
Merthayasa Bungalows,1238245,72
soulshine bali,2087231,71
Double One Villas,1216143,71
Taman Agung Hotel,785371,70
Wida Hotel,618784,70
I-Villa,6416464,69
Puri Padi Hotel,590449,69
Hotel Horison Jimbaran,6887894,69
Puri Wisata Bungalows,309333,69
The Aroma's of Bali Hotel & Residence,2287273,69
Lavender Luxury Villas & Spa Resort,1486410,68
POP! Hotel Legian Dewi Sri Bali,7263989,68
Anahata Villas & Spa Resort,677557,67
The AGUNG Residence,7099131,67
Hotel Angsoka,1220837,67
Oka7 Bungalow,1234550,67
Ulun Ubud Resort & Spa,309360,67
Villa Pantulan,1174150,66
Holiday Inn Express Bali Raya Kuta,5599917,66
Suris Boutique Hotel,3928340,66
The Haere,5602766,65
Playgrounds Resort,1526310,65
Panorama Hotel,648911,65
Berry Glee Hotel,8737524,64
Puri Mango Hotel,309327,64
Jungle Retreat by Kupu Kupu Barong,7745617,63
7 Bidadari Boutique Hotel,6780502,63
Kunti Villas,1900170,62
Puri Saron Hotel Baruna Beach Cottages Bali,1723050,62
Shunyata Villas Bali,3529797,61
Bali Chaya Hotel,7136566,61
Aqua Villa,2700087,61
Rama Phala Resort & Spa,6887915,61
Primebiz Kuta Hotel,4324296,61
Sadara Boutique Beach Resort,7314387,61
Wawa Wewe I Bungalows,1226002,60
The Graha Cakra Bali Hotel,1220373,60
The Sintesa Jimbaran,8598712,59
Ulu Segara Luxury Suites & Villas,5603572,58
Paragon Suites and Resorts,7037893,58
Bumi Ubud Resort,598215,57
Benoa Beach Front Villas & Spa,584350,57
CK Villas Bali,1572315,56
Pandawa Village Villas,7347967,56
The Visala Boutique Suites Seminyak,8571578,56
Serela Legian Hotel,8482093,56
Hotel Lusa,309063,56
Paradise Palm Beach Bungalows,777208,56
Harrads Hotel Convention and SPA,1575601,56
Sun Royal Hotel,3492533,55
Blue Karma Ubud,8131918,55
Padma Resort Ubud,7907965,55
Horison Hotel Nusa Dua,7620168,54
The Edelweiss Boutique Hotel Kuta,5484977,54
Waringin Homestay,2244618,53
Hotel Puri Tanah Lot,648696,53
Suara Air Luxury Villa Ubud,2097114,52
The Residence Seminyak,1165319,52
Restu Bali Hotel,656543,52
Bali True Living Apartment,7658329,51
Bali Paragon Resort Hotel,7898670,51
Hotel Neo Denpasar,6898021,51
Hotel Segara and Restaurant,1105696,51
The Evitel Resort Ubud,8837379,50
Hardys Rofa Hotel,6783899,50
Horison Sunset Road Bali,7931036,50
Bali Royal Suites Hotel,307564,50
Bali Taman Resort & Spa,308761,49
Puri Bali Hotel,2102946,49
The Ahimsa Estate,1155390,48
Litus Tirta Seminyak,8376864,48
Scape Condotel,920594,48
HARRIS Hotel Denpasar,7640161,48
The Ocean Sunset Villas Ceningan,7733886,47
Al-Isha,3154825,47
Mayura - A Karma Retreat,8591590,47
Quest San Denpasar,7608352,47
Coco Resort Penida,8587291,47
Abian Biu Mansion,662885,47
Aiona Garden of Health,1027853,47
Puri Yuma Hotel,2146229,47
Hotel Asoka City Home,7263974,46
Sekar Nusa Villas,307565,46
The Green Zhurga Suites,3170258,45
Cityzen Renon,3405916,45
Hotel Karthi,588928,45
Bali Grand Sunsets Resort & Spa,2194785,45
M Boutique Hostel,7629624,44
Prana Dewi Mountain Resort,1130006,44
Banyualit Spa n' Resort,1048931,44
Nathan Hotel,677958,44
Naya Ubud,7149594,43
Resort Relax Bali,2244626,43
Watermark Hotel & Spa,8113334,43
The Shaba Bali,1069761,43
Amaris Hotel Pratama Nusa Dua - Bali,4323738,43
Langon Bali Resort & Spa,1146761,43
Padangbai Beach Homestay,1887580,43
Ayu Guna Inn,3170454,42
The Rishi Candidasa Beach Hotel,2350943,42
Golden Tulip Essential Denpasar,6588320,41
Suarga Padang Padang,8749870,41
The Rani Hotel & Spa,7745612,41
Savvoya Hotel Seminyak,8059939,41
Puri Dalem Cottages,729414,41
Hotel Alit's Beach,656283,40
Peninsula,1159042,40
Kusuma-Jaya-Indah Resort,1972005,40
Aneka Bagus Pemuteran Resort & Spa,584791,40
Abian Srama Hotel and Spa,2509699,40
HOTEL MARIA,2294641,40
Taman Rosani Hotel & Villa,577468,38
Oka Kartini Bungalows,309205,38
Sunset Residence Condotel,1384137,38
Serangan Inn II,1194569,37
Relax Beach Resort Candidasa,7797065,36
Inna Bali Heritage Hotel,309166,36
Dewi Sri Bungalows,308779,36
Fibra Inn And Bungalows,1162158,36
Bagus Hayden Hotel,2271469,36
Mastapa Garden Hotel,596533,36
LA Inn,909798,36
Nirmala Hotel,676217,35
Kajeng Bungalows,1221034,35
Q Hotel Bali,2698063,35
Graha Resort,301339,35
Sanda Butik Villas,602868,33
Grya Sari - the Bali Hot Springs Hotel,1519206,32
The White Villas Ubud,3581207,32
Tjendana Villas,6886499,32
Le Jardin de Marie,1790423,32
Bali Matahari Hotel,648132,32
Hotel Dewi Sinta,1650012,32
Bali Diamond Villas,2259866,31
Crystal Kuta Hotel,8322300,31
MaxoneHotels.com @ Seminyak,8523268,31
Palm Beach International Hotel,631190,31
Sari Bunga Hotel,1061775,30
Holiway Garden Resort & Spa,2390729,30
POP! Hotel Denpasar,7204328,30
Hotel Jati & Home Stay,1464185,29
Puri Saron Hotel,585133,29
Lexington Klapa Resort,7785478,28
Amaris Hotel Sunset Road,6428204,28
Kubu Bali Hotel,557514,28
Mars City Hotel,5485082,28
Balira Guest House,1220418,28
De Moksha Boutique Resort,8608288,27
Montigo Resorts Seminyak,8658865,27
Budhi Ayu Villa,7396471,27
Balian Paradise Resort,7269030,27
Saranam Eco Resort Bali,590612,27
Bali Relaxing Resort & Spa,2458763,27
Bali Village Hotel,661312,27
The Seventh Seal Retreat,7274673,26
Duo Legian Hotel,7692422,26
Kedisan Resort & Resto Apung,2251263,26
Palm Beach Hotel Bali,6428000,26
Athena Garden Villa,627504,26
Pendawa Hotel,589257,26
The Rich Prada Hotel Bali,3318804,26
Ceningan Resort,8272759,25
Nusa Indah Bungalows,1907354,25
Amaris Hotel Dewi Sri,6620056,25
Enjung Beji Resort,1203857,25
The Leaf Jimbaran,8566314,24
Di Abian Resort,2686867,24
Vansari Hotel Seminyak,8797397,23
Padmasari Resort Lovina,8453992,23
Amaris Hotel Lebak Bene - Kuta,8073197,23
Padang-padang Inn,1804729,23
Balita Inn Hotel,1545983,23
Semawang Beach Hotel,1572296,23
Villa Asante Bali,1195698,22
Jepun Segara Guest house,7785479,22
Sanctuario Bali,1062567,22
Villa Poppy,602653,22
Ubud Raya Hotel,8498175,22
Letos Kubu,2183202,22
Losari Sunset Hotel,3930880,22
Agung & Sue Watering Hole II,1224975,22
Villa Babar,2457193,21
Alami Resort and Restaurant,7037887,21
Samudra Homestay,3386649,21
Villa Andaman,1866984,20
Hotel Flamboyan,648139,20
Balangan Garden Bungalow,2698045,20
Bali Wirasana Hotel,1573261,20
Hotel Ratna,656286,20
Ibis Styles Bali Petitenget,9781727,19
The Sunjaya,8559664,19
7 Days Premium Kuta Bali,8365496,19
Bali Ra Airport Hotel,3594862,18
Starling Villas Bali,1807413,18
Bali Elements,1473311,18
Blue Ocean,1194035,18
Bali Eco Resort and Adventure,1906695,17
Nalini Resort,8754850,17
Villa D'Bisma,7380366,17
Hotel My Lovina,5279867,17
Puri Dibia Hotel,656433,17
d'Alang - Alang Villas,626916,16
Holiday Inn Resort Baruna Bali,309108,16
The Apartments Umalas,8720774,16
VIDI Boutique Hotel,6848462,16
Ida Beach Village,1204133,16
The Grand Santhi Hotel,1494516,16
My Dream Resort and Spa,8152718,16
Taman Suci Hotel,309117,16
Gita Maha Hotel,7395999,15
Dasa Wana Resort,3176306,15
Hotel Mahendra,1531909,15
Kendi Mas Hotel,1220430,15
Two Fish Divers Resort,7224143,14
Echo Beach Resort,7491435,14
TZ Party Hostel,8779535,14
Amaris Hotel Teuku Umar,7149657,14
Hotel Bali Kembali,1164151,14
Puri Bagus Manggis,526791,13
Coast Boutique Apartments,8641763,13
Goya Boutique Resort,9454181,13
Hotel Santika Seminyak,8873258,13
Cozy Stay Simpang Enam,8408326,13
Jimbaran Hills Resort & Spa,650407,13
Gita Homestay,7622562,12
The Salak Hotel,7734185,12
favehotel Tohpati,7891925,12
Taman Sari Cottage II,1220827,12
Hotel Sanur Indah,1220845,12
Safin Inn Harmony,7693752,12
Bali Holiday Resort,545814,12
Mustika Sari Beach Hotel,1163442,12
Puri Etnik Hotel,672138,12
Tijili Seminyak,9705452,11
Patal Kikian,1913536,11
Arnava Ninety 8 Hotel,8613783,11
Melody Bali Hotel,7376488,11
Respati Bali Bougainville Garden,1530482,11
The Replica Suite,1071179,11
Padi Prada,623542,11
Candidasa Beach Hotel,1163171,10
Hotel Puri Nusantara,6522135,10
Wina Cottage,1180269,10
Asri Jewel Villas & Spa,681376,10
Nusa Indah Hotel and Spa,1220406,10
Mahatma Residence,8404164,9
Umah Pelangi,7608354,9
Villa Sebali,2633427,9
Toya Devasya Natural Hot Spring & Camping Resort,9563643,9
Rumah Siam Boutique Hotel,2401364,9
Prani Legian Hotel,648133,9
Plataran Menjangan,8555912,8
Bali Caps Hostel,8326583,8
Hotel Bayt Kaboki,8022556,8
Su's Prince Hotel And Cottages,1155357,8
Grand Puncak Sari Hotel,8532138,8
Hotel Nikki,2454669,8
Casa Indigo,1172870,8
Ashram Home Stay-Hotel,1217425,8
ASMARA Heavenly Residence Nusa Dua,681370,7
Tuban Torres,8504677,7
Nyaman Guest House,8845566,7
Ananda Boutique Resort And Spa,1220447,7
Puri Asri Petulu,1135405,7
Elbari Villas,1728670,7
Bali Coconut Hotel,1014389,7
Oranjje Hotel,309116,7
Ubud City Hotel,9559082,6
Hideaway Villas Bali,9459085,6
Mayo Resort,8471635,6
Seminyak Villa Ocean Eleven,6890592,6
Taman Sari Villas & Spa,677041,6
Casablanca Suite,3342330,6
Gunakaya Homestay,2244664,6
Princess Nusa Dua Resort,1213279,6
Hardy's Hotel Wirapada,6765873,6
Kuta Bungalows,1017990,6
Santosa City Hotel,2180541,6
Shipwrecks Beach Resort G5,8050443,5
Artha Agung Resort and Restaurant,6876693,5
Grand Pondok Puri Ayu,6370381,5
Simona Oasis & Spa,1907431,5
Villa Ahn,2633423,5
Hotel Hapel Semer,648922,5
Catur Adi Putra Hotel by Shailendra,6938467,5
Bungadesa Villas,1162140,5
Bali Prani Hotel,649612,5
Mimosa Jimbaran Bali Villa,1872633,5
Uluwatu Resort,633540,5
GRAND CHANDRA HOTEL,2513488,5
Grand la Walon Hotel,9761888,4
Felicianas Resort Bali,4990854,4
Sylvia Bali Suite Residence,8566917,4
Kesumasari Hotel,1162184,4
Bali Merita Villa & Spa,648292,4
Grand City Inn Hotel,2434039,4
Sahid Raya Bali,557528,4
Mondo Lifestyle Resort,9764304,3
Tejaprana Resort & Spa,9764334,3
Melaya Beach Resort,7146536,3
Grand Mirah Boutique Hotel,8778652,3
BudhaStay,8621147,3
Kuta Cottages,1213292,3
Hotel Ida Candidasa,3350734,3
BaliWood Resort,2194121,3
Puri Santai Bali,2688107,3
Putri Bali Villa,648135,3
Villa One,7159970,3
Lor-in Villa Resort Saba Bai,308532,3
Yuri's Apartment,7974314,3
Jepun Bali Resort,522589,3
Bagus Home Stay,1763722,3
Emerald Tulamben Beach Hotel,308780,3
Chez Bali Villa & Spa,585126,3
Apartments @ AYANA Residences,8476953,3
The Grand Bali Park Hotel,6205366,3
Cempaka Lovina Hotel,2267557,3
Bedrock Hotel Bali,9793081,2
d'Nusa Beach Club and Resort,8766141,2
STEP Ubud Training Hotel,8591536,2
Bahagia Villas,8948541,2
The Black Pearl,7376480,2
Amanda Resort,1204089,2
Palm Garden Kuta,8523151,2
The Jetty Resort,6765759,2
Balicamp Villa and Resort,7204310,2
Pakir Bungalows,1175220,2
Laelia Private Resort Bali,3186122,2
Bali Mega Hotel,7622223,2
Resor Seminyak Hotel,3478696,2
Hilton Garden Inn Bali Ngurah Rai Airport,6937596,2
Kubu Saren,1163407,2
Sayang Residence 1,2031281,2
Mahajaya Tower Hotel & Restaurant,3199918,2
Alam Villa,678368,2
"Harrads Hotel, Spa & Convention",8134436,2
Jimbarwana Hotel,3228728,2
Bukit Inn,308775,2
Ratna Beach Hotel,1179977,2
Kara Residence,7720189,2
The Kahyangan Spa,3892535,1
Kampung Canggu,10037007,1
Radha Phala Resort & Spa,9777191,1
Pondok Pudak Sari,9851231,1
Alam Mimpi Resort Penuktukan,9792387,1
Sama Sama Suites & Restaurant,9734226,1
Tjendana Paradise,317842,1
Macskot Hostel Bali,8587290,1
Centara Wuku Resort & Spa Bali,6614699,1
Meritus Pecatu Bali,6882689,1
Intan Bali Village,450834,1
Mimpi Resort Jimbaran,1204817,1
Saphir Bali Hotel,450854,1
Katamama,8826648,1
Premium Legian,9787769,1
Hotel Bualu,1162172,1
Padi Teras Boutique Hotel,7376251,1
Hotel Puri Nusa Indah 3,3188779,1
U Sameera Pecatu Bali,7176590,1
Capcamcamp,7084311,1
Coconut Grove Village,1163177,1
Puri Dewa Bharata Jimbaran Hotel,3187353,1
Bali Surf Camp,2017761,1
Willis Hill Resort,6550055,1
Balina Beach Bungalows,308764,1
Lor-in Saba Bai,1383078,1
The Serai,1238259,1
Hotel Amerta,6220472,1
Bunga Bali Resort & Spa,2073687,1
Villa Elang,634353,1
The Kalaspa,1203876,1
Legian Garden Cottage,1168501,1
Charlie Brown Surf Stay,10001205,1
Shunda Hotel,6205420,1
Lestari Hotel,8008835,1
Perdana Dadi Hotel,648141,1
Villa Isabella Bali,667632,1
Sayang Residence 2,2031282,1
Bingin Family Bungalows,8779790,1
Amalfi Hotel Seminyak,10060711,1
Sea Medewi Resort,9750838,0
Jimbaran Lestari Culture Villas & Spa,9087405,0
The Bandha Hotel & Spa,9978040,0
ACE Hotel,10059803,0
La Bercuse Bali,9560094,0
Pondok Impian,1163473,0
Puri Ratih Bali,1163495,0
Hotel Opal Legian,450833,0
Surya Dharma Cottages,1220954,0
The Lilliput Resort and Spa,7905585,0
Wana Villas & Beach Resort,1163594,0
Siesta Legian Hotel,9986385,0
Century Mabisa Inn,1180096,0
Geria Agung Mahajaya Hotel,2687475,0
Bali Entrepreneurs Resort,8389339,0
Villa Sehati,623252,0
Murni's House,9454165,0
Sapodilla Ubud,10036165,0
Taman Sari Suite Hotel,1213289,0
Martan Resort Bali,8790790,0
Bali Japan Village,8627007,0
Hotel Ubud,2048971,0
Villa Paddy River Bali,8864771,0
Jambuluwuk Seminyak Boutique Hotel,9634828,0
Banjar Villas and Spa Hotel Bali,1213903,0
Ibis Bali Legian Street,10077850,0
Hotel HaPel Beach Resort,648942,0
Kawas Fitness & Spa Hotel,3491680,0
Tree House Villa,9808189,0
Club Residence,1190522,0
Y Resort,9792112,0
Hotel Indigo Bali Seminyak Beach,9595791,0
Golden Tulip Jineng Resort,7392064,0
Duwur Beji,8432632,0
Hotel Novotel Bali Ngurah Rai Airport,7646166,0
The Ayudya Ulun Suan,8776941,0
Trump International Hotel Bali,9596957,0
Sri Kusuma Hotel & Bungalows,676109,0
Alamanda Town House By Gamma Hospitality,10047911,0
Masari,1208968,0
Kila Infinity8,8737544,0
The Edelweiss Ultimo Canggu,9794415,0
Swarhaloka Residence,10024441,0
The Queen Hotels,5485856,0
Grand Mirah,8787265,0
Golden Tulip Bay View Hotel,10065563,0
RedDoorz @ By Pass Nusa Dua,9778702,0
Kamarkoe Homestay,9721732,0
Muka House,8394539,0
Padma Indah Cottages,309208,0
Bali Dwira Hotel,3422330,0
Hotel Made Bali,9697385,0
Wephadma Resort,8862074,0
Maha Laksmi Boutique Hotel,9706068,0
ZenRooms RaBaSTa Angkul,10001236,0
WG Hotel Jimbaran,9698154,0
Sonni Puteri Galeria Bali Hotel,1203896,0
ARTOTEL Sanur,10034774,0
The Balangan Resort Hotel,1220380,0
Agung Beach Bungalows,1204084,0
